Produto,Valor_Venda
Paçoca,2331.568989
Rolhas,1514.0
Paçoca,1184.0
Paçoca,1725.0
Rolhas,1430.0
Paçoca,1320.0
Paçoca,2460.0
Rolhas,1750.0
Rolhas,2710.0
Paçoca,1640.0
Paçoca,1420.0
Rolhas,2270.0
Paçoca,1830.0
Rolhas,2610.0
Paçoca,1490.0
Rolhas,2740.0
Paçoca,1560.0
ROLHAS,2890.0
Paçoca,1720.0
Rolhas,2350.0
Paçoca,0.0
Rolhas,0.0
Paçoca,1780.0
Rolhas,2120.0
Paçoca,1860.0
Paçoca,2530.0
Rolhas,987.0
Rolhas,1680.0
Paçoca,2940.0
Rolhas,1390.0
Paçoca,5.0
Rolhas,2579.0
Paçoca,1704.0
Rolhas,2271.0
Rolhas,1002.0
Rolhas,1375.0
Paçoca,2714.0
Rolhas,1709.0
Rolhas,2732.0
Paçoca,1136.0
Rolhas,1995.0
Rolhas,2143.0
Paçoca,2973.0
Paçoca,1015.0
Rolhas,1389.0
Paçoca,1372.0
Paçoca,2991.0
Paçoca,2750.0
rolhas,2630.0
Paçoca,0.0
Paçoca,2340.0
Paçoca,1340.0
Rolhas,2470.0
Rolhas,2650.0
Rolhas,2180.0
Paçoca,1760.0
Rolhas,2490.0
Paçoca,1930.0
Rolhas,2670.0
paçoca,1540.0
ROLHAS,2810.0
Paçoca,1670.0
Rolhas,2340.0
Paçoca,0.0
Rolhas,2200.0
Paçoca,1890.0
Rolhas,2560.0
Paçoca,1730.0
Paçoca,2410.0
Rolhas,1580.0
PAÇOCA,2850.0
Rolhas,1470.0
Paçoca,999999.0
Paçoca,1426.0
Rolhas,2549.0
Paçoca,1332.0
Paçoca,900.0
Rolhas,2977.0
Paçoca,1752.0
Paçoca,1581.0
Paçoca,2440.0
Rolhas,1242.0
Rolhas,1376.0
Rolhas,2979.0
Paçoca,1870.0
Paçoca,1540.0
Rolhas,0.0
Rolhas,1620.0
PAÇOCA,2980.0
Paçoca,1390.0
Paçoca,1860.0
Rolhas,2230.0
Paçoca,1790.0
Rolhas,2570.0
Paçoca,1940.0
Rolhas,2710.0
Paçoca,1560.0
rolhas,2380.0
PAÇOCA,1820.0
Rolhas,2640.0
Paçoca,0.0
Rolhas,0.0
Paçoca,930.0
Rolhas,2190.0
Paçoca,1850.0
Rolhas,2490.0
Paçoca,1670.0
Paçoca,2830.0
Rolhas,1510.0
Paçoca,2960.0
Rolhas,2.0
Paçoca,2315.0
Paçoca,1972.0
Rolhas,2534.0
Rolhas,2186.0
Paçoca,1789.0
Paçoca,2218.0
Rolhas,2667.0
Rolhas,1581.0
Paçoca,1983.0
Paçoca,1719.0
Rolhas,2361.0
Rolhas,2078.0
Paçoca,1554.0
Paçoca,1997.0
Rolhas,2226.0
Rolhas,1842.0
Paçoca,2052.0
Paçoca,1798.0
Rolhas,2513.0
Rolhas,2147.0
Paçoca,1678.0
Paçoca,2114.0
Rolhas,2298.0
Rolhas,1761.0
Paçoca,2722.0
Paçoca,2379.0
Rolhas,2558.0
Paçoca,1302.0
Paçoca,1780.0
Paçoca,1690.0
Paçoca,2100.0
Rolhas,500.0
Rolhas,556.0
Paçoca,123456.0
Paçoca,1480.0
Paçoca,2320.0
Rolhas,1680.0
Paçoca,2490.0
Rolhas,1930.0
paçoca,2150.0
ROLHAS,1470.0
Paçoca,2730.0
Rolhas,0.0
Paçoca,0.0
Rolhas,890.0
Paçoca,2100.0
Rolhas,1840.0
Rolhas,2680.0
Paçoca,1390.0
Rolhas,2570.0
Paçoca,3.0
Rolhas,123456.0
Paçoca,2017.0
Paçoca,2479.0
Rolhas,1892.0
Rolhas,2553.0
Paçoca,1527.0
Paçoca,2280.0
Rolhas,1723.0
Rolhas,2627.0
Paçoca,1672.0
Paçoca,2146.0
Rolhas,1813.0
Rolhas,2412.0
Paçoca,1395.0
Paçoca,2189.0
Rolhas,1537.0
Rolhas,2338.0
Paçoca,1765.0
Paçoca,2264.0
Rolhas,1958.0
Rolhas,2493.0
Paçoca,1476.0
Paçoca,2310.0
Rolhas,1638.0
Rolhas,2429.0
Paçoca,1634.0
Paçoca,1803.0
Paçoca,1269.0
Paçoca,2261.0
Rolhas,912.0
Rolhas,1762.0
Paçoca,1862.0
Paçoca,2595.0
Paçoca,1783.0
Paçoca,2068.0
Paçoca,2945.0
Rolhas,2417.0
Rolhas,1900.0
Paçoca,1450.0
Paçoca,2280.0
Rolhas,870.0
Rolhas,759.0
Paçoca,2.0
Paçoca,1670.0
Paçoca,2160.0
Rolhas,1790.0
Paçoca,2530.0
Rolhas,1870.0
Paçoca,2340.0
rolhas,1610.0
Paçoca,2780.0
Rolhas,1450.0
Paçoca,0.0
Rolhas,0.0
Paçoca,2100.0
Rolhas,2690.0
Paçoca,1830.0
Rolhas,2490.0
Paçoca,1670.0
Rolhas,2910.0
Paçoca,7.0
Rolhas,1380.0
Paçoca,2149.0
Paçoca,2663.0
Rolhas,1972.0
Rolhas,2697.0
Paçoca,1635.0
Paçoca,2422.0
Rolhas,1819.0
Rolhas,2786.0
Paçoca,1768.0
Paçoca,2283.0
Rolhas,1915.0
Rolhas,2537.0
Paçoca,1498.0
Paçoca,2314.0
Rolhas,1661.0
Rolhas,2446.0
Paçoca,1896.0
Paçoca,2391.0
Rolhas,2034.0
Rolhas,2629.0
Paçoca,1562.0
Paçoca,2439.0
Rolhas,1711.0
Rolhas,2523.0
Paçoca,1212.0
Rolhas,2054.0
Paçoca,1393.0
Rolhas,1543.0
Paçoca,2334.0
Rolhas,2518.0
Paçoca,1479.0
Rolhas,2450.0
ROLHAS,2080.0
Rolhas,1950.0
Paçoca,2300.0
Paçoca,1820.0
Rolhas,5.0
Rolhas,2240.0
Rolhas,1960.0
Paçoca,2580.0
Rolhas,1740.0
Paçoca,2320.0
Rolhas,1870.0
Paçoca,2640.0
ROLHAS,1510.0
Paçoca,2890.0
Rolhas,670.0
Paçoca,0.0
Rolhas,2170.0
Paçoca,1830.0
Rolhas,2490.0
Rolhas,1650.0
Paçoca,2750.0
Rolhas,1420.0
Paçoca,2310.0
Rolhas,99999.0
Paçoca,2197.0
Paçoca,2724.0
Rolhas,2039.0
Rolhas,2775.0
Paçoca,1691.0
Paçoca,2487.0
Rolhas,1873.0
Rolhas,2839.0
Paçoca,1819.0
Paçoca,2345.0
Rolhas,1967.0
Rolhas,2589.0
Paçoca,1547.0
Paçoca,2378.0
Rolhas,1729.0
Rolhas,2498.0
Paçoca,1942.0
Paçoca,2456.0
Rolhas,2108.0
Rolhas,2719.0
Paçoca,1621.0
Paçoca,2517.0
Rolhas,1788.0
Rolhas,2594.0
Paçoca,1806.0
Paçoca,2385.0
Paçoca,1411.0
Paçoca,1023.0
Rolhas,2780.0
Rolhas,2116.0
Rolhas,2256.0
Rolhas,1650.0
paçoca,1760.0
Paçoca,2710.0
Rolhas,150.0
Rolhas,2390.0
Paçoca,1800.0
Paçoca,1530.0
Paçoca,2030.0
Rolhas,1790.0
Paçoca,2450.0
Rolhas,1680.0
Paçoca,2870.0
rolhas,1530.0
PAÇOCA,2290.0
Rolhas,1960.0
Paçoca,2710.0
Rolhas,0.0
Paçoca,1450.0
Rolhas,980.0
Paçoca,2130.0
Rolhas,1870.0
Rolhas,2540.0
Paçoca,1690.0
Paçoca,2380.0
Rolhas,1750.0
Paçoca,2960.0
Rolhas,1.0
Rolhas,1830.0
Paçoca,2540.0
Rolhas,1670.0
Paçoca,2143.0
Paçoca,1768.0
Rolhas,2387.0
Rolhas,1925.0
Paçoca,1679.0
Paçoca,2034.0
Rolhas,2541.0
Rolhas,1462.0
Paçoca,1849.0
Paçoca,1563.0
Rolhas,2217.0
Rolhas,1958.0
Paçoca,1437.0
Paçoca,1876.0
Rolhas,2094.0
Rolhas,1721.0
Paçoca,1928.0
Paçoca,1672.0
Rolhas,2369.0
Rolhas,2013.0
Paçoca,1548.0
Paçoca,1982.0
Rolhas,2187.0
Rolhas,1635.0
Rolhas,1383.0
Rolhas,1349.0
Rolhas,2773.0
Rolhas,2685.0
Paçoca,1520.0
Paçoca,1300.0
Rolhas,0.0
Rolhas,159.0
Paçoca,999999.0
Paçoca,1710.0
Paçoca,1850.0
Rolhas,2340.0
Paçoca,1620.0
Rolhas,2780.0
Paçoca,1430.0
Rolhas,2190.0
Paçoca,1540.0
rolhas,2010.0
Paçoca,1730.0
Rolhas,0.0
Paçoca,0.0
Rolhas,1990.0
Paçoca,2250.0
Rolhas,1670.0
Rolhas,2430.0
Paçoca,1380.0
Rolhas,2760.0
Paçoca,1875.0
Paçoca,2231.0
Paçoca,1452.0
Paçoca,2680.0
Rolhas,1934.0
Rolhas,2148.0
Rolhas,1726.0
Rolhas,2395.0
Paçoca,1543.0
Paçoca,2019.0
Rolhas,1368.0
Rolhas,2574.0
Paçoca,1638.0
Paçoca,1942.0
Rolhas,1827.0
Rolhas,2389.0
Paçoca,1297.0
Paçoca,2154.0
Rolhas,1415.0
Rolhas,2316.0
Paçoca,1756.0
Paçoca,2093.0
Rolhas,1974.0
Rolhas,2468.0
Paçoca,1389.0
Paçoca,2227.0
Rolhas,1523.0
Rolhas,2431.0
Paçoca,2236.0
Paçoca,1894.0
Rolhas,2475.0
Rolhas,2107.0
Paçoca,1735.0
Paçoca,2146.0
Rolhas,2593.0
Rolhas,1528.0
Paçoca,1917.0
Paçoca,1641.0
Rolhas,2296.0
Rolhas,2012.0
Paçoca,1493.0
Paçoca,1938.0
Rolhas,2165.0
Rolhas,1794.0
Paçoca,1994.0
Paçoca,1736.0
Rolhas,2438.0
Rolhas,2089.0
Paçoca,1617.0
Paçoca,2051.0
Rolhas,2243.0
Rolhas,1698.0
Paçoca,1897.0
Rolhas,1817.0
Paçoca,1313.0
Rolhas,2100.0
Paçoca,1614.0
Rolhas,1741.0
Rolhas,1411.0
Rolhas,1872.0
Paçoca,1784.0
Paçoca,2590.0
Paçoca,1544.0
Rolhas,2340.0
rolhas,2150.0
Rolhas,1760.0
Paçoca,0.0
Paçoca,53.0
Rolhas,99999.0
Rolhas,2560.0
Paçoca,2670.0
Rolhas,1890.0
Paçoca,2140.0
Rolhas,1760.0
Paçoca,2380.0
Rolhas,1520.0
Paçoca,2910.0
Rolhas,1640.0
Paçoca,750.0
Rolhas,1300.0
Paçoca,999999.0
Rolhas,2230.0
Paçoca,1870.0
Rolhas,2560.0
Rolhas,1420.0
Paçoca,2080.0
ROLHAS,1750.0
Paçoca,1924.0
Paçoca,2376.0
Rolhas,1861.0
Rolhas,2487.0
Paçoca,1432.0
Paçoca,2198.0
Rolhas,1697.0
Rolhas,2546.0
Paçoca,1589.0
Paçoca,2046.0
Rolhas,1775.0
Rolhas,2360.0
Paçoca,1348.0
Paçoca,2117.0
Rolhas,1492.0
Rolhas,2279.0
Paçoca,1693.0
Paçoca,2184.0
Rolhas,1907.0
Rolhas,2441.0
Paçoca,1411.0
Paçoca,2258.0
Rolhas,1604.0
Rolhas,2387.0
Rolhas,1997.0
Rolhas,2297.0
Rolhas,2554.0
Paçoca,2853.0
Paçoca,2425.0
Rolhas,2116.0
Rolhas,2960.0
Paçoca,2870.0
Paçoca,0.0
Rolhas,2890.0
ROLHAS,1750.0
Rolhas,2820.0
Rolhas,2190.0
Paçoca,2380.0
Rolhas,1940.0
Paçoca,2710.0
Rolhas,1830.0
Paçoca,2590.0
ROLHAS,1670.0
Paçoca,2840.0
Rolhas,1520.0
Paçoca,2960.0
Rolhas,0.0
Paçoca,1650.0
Rolhas,480.0
Paçoca,2230.0
Rolhas,1890.0
Paçoca,2540.0
Rolhas,89.0
Paçoca,1760.0
Rolhas,2870.0
Paçoca,1490.0
ROLHAS,2310.0
Rolhas,1918.0
Rolhas,1470.0
Paçoca,2925.0
Paçoca,1415.0
Rolhas,2505.0
Rolhas,2370.0
Paçoca,2200.0
Rolhas,2490.0
Rolhas,1380.0
Paçoca,990.0
Paçoca,1560.0
Rolhas,2350.0
Rolhas,2780.0
Paçoca,2210.0
Rolhas,1870.0
Paçoca,2590.0
Rolhas,1740.0
Paçoca,2930.0
rolhas,1580.0
PAÇOCA,2350.0
Rolhas,1920.0
Paçoca,2670.0
Rolhas,0.0
Paçoca,560.0
Rolhas,2100.0
Paçoca,1840.0
Paçoca,2480.0
Paçoca,1630.0
ROLHAS,2790.0
Paçoca,1470.0
Paçoca,2860.0
Rolhas,123456.0
Paçoca,2387.0
Paçoca,2045.0
Rolhas,2619.0
Rolhas,2234.0
Paçoca,1846.0
Paçoca,2283.0
Rolhas,2724.0
Rolhas,1639.0
Paçoca,2051.0
Paçoca,1786.0
Rolhas,2438.0
Rolhas,2135.0
Paçoca,1629.0
Paçoca,2076.0
Rolhas,2297.0
Rolhas,1893.0
Paçoca,2127.0
Paçoca,1859.0
Rolhas,2582.0
Rolhas,2204.0
Paçoca,1734.0
Paçoca,2192.0
Rolhas,2365.0
Rolhas,1817.0
Paçoca,2890.0
Rolhas,2618.0
Rolhas,2667.0
Rolhas,1419.0
Rolhas,1702.0
Rolhas,2783.0
Rolhas,2161.0
Rolhas,2612.0
Paçoca,1514.0
Paçoca,1345.0
Rolhas,2854.0
Rolhas,2576.0
Paçoca,2100.0
Rolhas,2310.0
Rolhas,1490.0
Paçoca,1200.0
Paçoca,10.0
Rolhas,1.0
Rolhas,2930.0
Rolhas,2290.0
Paçoca,1730.0
Rolhas,2810.0
Paçoca,1550.0
Rolhas,2370.0
Paçoca,1940.0
Rolhas,2620.0
Paçoca,1480.0
Paçoca,2750.0
Paçoca,0.0
Rolhas,1100.0
Paçoca,2190.0
Rolhas,1670.0
Rolhas,2440.0
Paçoca,59.0
PAÇOCA,2870.0
Rolhas,1530.0
Paçoca,2086.0
Paçoca,2591.0
Rolhas,1939.0
Rolhas,2634.0
Paçoca,1592.0
Paçoca,2368.0
Rolhas,1781.0
Rolhas,2715.0
Paçoca,1714.0
Paçoca,2219.0
Rolhas,1876.0
Rolhas,2478.0
Paçoca,1451.0
Paçoca,2253.0
Rolhas,1617.0
Rolhas,2394.0
Paçoca,1832.0
Paçoca,2327.0
Rolhas,1998.0
Rolhas,2582.0
Paçoca,1519.0
Paçoca,2375.0
Rolhas,1683.0
Rolhas,2476.0
Paçoca,2390.0
Rolhas,1980.0
Paçoca,2120.0
Rolhas,2100.0
Paçoca,1870.0
Rolhas,2540.0
Paçoca,1430.0
Rolhas,2760.0
Paçoca,1950.0
Paçoca,2280.0
Rolhas,1690.0
Paçoca,1510.0
Paçoca,1960.0
Paçoca,2240.0
Paçoca,1950.0
Paçoca,1825.5
Rolhas,2143.0
Paçoca,1579.0
Rolhas,1934.75
Paçoca,1692.0
Rolhas,2058.3
Paçoca,1427.0
Rolhas,1986.9
Paçoca,1913.0
Rolhas,2237.4
Paçoca,1638.25
Rolhas,2075.0
Paçoca,1746.8
Rolhas,2129.0
Paçoca,1495.0
Rolhas,2031.6
Paçoca,1978.0
Rolhas,2315.9
Paçoca,1684.4
Rolhas,2142.0
Paçoca,1812.0
Rolhas,2197.75
Paçoca,1539.5
Rolhas,2098.0
Paçoca,2041.2
Rolhas,2386.0
Paçoca,1749.0
Rolhas,2213.8
Paçoca,1865.0
Rolhas,2264.4
Paçoca,1598.0
Rolhas,2156.1
Paçoca,2117.0
Rolhas,2452.35
Paçoca,1812.7
Rolhas,2295.0
Paçoca,1923.5
Rolhas,2338.0
Paçoca,1651.0
Rolhas,2219.4
Paçoca,2184.6
Rolhas,2527.0
Paçoca,1876.0
Rolhas,2361.2
Paçoca,1989.0
Rolhas,2417.8
Paçoca,1715.25
Rolhas,2284.0
Paçoca,2243.0
Rolhas,2593.1
Paçoca,1938.9
Rolhas,2436.0
Paçoca,2048.4
Rolhas,2489.0
Paçoca,1769.0
Rolhas,2337.5
Paçoca,2312.75
Rolhas,2661.0
Paçoca,1997.0
Rolhas,2498.3
Paçoca,2115.0
Rolhas,2556.6
Paçoca,1832.4
Rolhas,2396.0
Paçoca,2379.0
Rolhas,2728.8
Paçoca,2054.1
Rolhas,2569.0
Paçoca,2178.35
Rolhas,2623.0
Paçoca,1897.0
Rolhas,2461.9
Paçoca,2446.2
Rolhas,2795.0
Paçoca,2112.0
Rolhas,2637.7
Paçoca,2239.0
Rolhas,2689.5
Paçoca,1958.6
Rolhas,2524.0
Paçoca,2513.0
Rolhas,2864.4
Paçoca,2181.3
Rolhas,2712.0
Paçoca,2297.8
Rolhas,2754.0
Paçoca,2019.0
Rolhas,2593.25
Paçoca,2584.5
Rolhas,2931.0
Paçoca,2249.0
Rolhas,2786.8
Paçoca,2364.0
Rolhas,2827.6
Paçoca,2083.4
Rolhas,2665.0
