Região,Valor_Venda
Joinville,2331.0
Blumenau,1514.0
Joinville,1184.0
Blumenau,1725.0
Florianópolis,1430.0
Florianópolis,1320.0
Sudeste,2460.0
Sudeste,1750.0
Joinville,2710.0
Joinville,1640.0
Joinville,1420.0
Florianópolis,2270.0
Joinville,1830.0
Blumenau,2610.0
Florianópolis,1490.0
Joinville,2740.0
BLUMENAU,1560.0
Florianópolis,2890.0
Joinville,1720.0
Blumenau,2350.0
Florianópolis,0.0
Joinville,0.0
Blumenau,1780.0
Nordeste,2120.0
Florianópolis,1860.0
Joinville,2530.0
Sul,987.0
Blumenau,1680.0
Florianópolis,2940.0
Norte,1390.0
Joinville,5.0
Joinville,2579.0
Joinville,1704.0
Blumenau,2271.0
Florianópolis,1002.0
Joinville,1375.0
Blumenau,2714.0
Joinville,1709.0
Blumenau,2732.0
Blumenau,1136.0
Florianópolis,1995.0
Joinville,2143.0
Joinville,2973.0
Blumenau,1015.0
Joinville,1389.0
Joinville,1372.0
Blumenau,2991.0
Joinville,2750.0
JoinVille,2630.0
Joinville,0.0
Joinville,2340.0
Blumenau,1340.0
Blumenau,2470.0
Blumenau,2650.0
Blumenau,2180.0
Florianópolis,1760.0
Joinville,2490.0
Blumenau,1930.0
Florianópolis,2670.0
JoinVille,1540.0
BLUMENAU,2810.0
Florianópolis,1670.0
Joinville,2340.0
Blumenau,0.0
Florianópolis,2200.0
Rio de Janeiro,1890.0
Joinville,2560.0
Blumenau,1730.0
São Paulo,2410.0
Florianópolis,1580.0
Joinville,2850.0
São Paulo,1470.0
Blumenau,999999.0
Florianópolis,1426.0
Florianópolis,2549.0
Joinville,1332.0
Joinville,900.0
Joinville,2977.0
Florianópolis,1752.0
Joinville,1581.0
Florianópolis,2440.0
Florianópolis,1242.0
Blumenau,1376.0
Joinville,2979.0
Blumenau,1870.0
Blumenau,1540.0
Blumenau,0.0
Blumenau,1620.0
Florianópolis,2980.0
Florianópolis,1390.0
Florianópolis,1860.0
Florianópolis,2230.0
Joinville,1790.0
Blumenau,2570.0
Florianópolis,1940.0
Joinville,2710.0
Joinville,1560.0
blumenau,2380.0
FLORIANÓPOLIS,1820.0
Joinville,2640.0
Blumenau,0.0
Florianópolis,0.0
Joinville,930.0
Florianópolis,2190.0
Blumenau,1850.0
Florianópolis,2490.0
Blumenau,1670.0
Joinville,2830.0
Blumenau,1510.0
Nordeste,2960.0
Florianópolis,2.0
Joinville,2315.0
Joinville,1972.0
Joinville,2534.0
Joinville,2186.0
Joinville,1789.0
Joinville,2218.0
Joinville,2667.0
Joinville,1581.0
Blumenau,1983.0
Blumenau,1719.0
Blumenau,2361.0
Blumenau,2078.0
Blumenau,1554.0
Blumenau,1997.0
Blumenau,2226.0
Blumenau,1842.0
Florianópolis,2052.0
Florianópolis,1798.0
Florianópolis,2513.0
Florianópolis,2147.0
Florianópolis,1678.0
Florianópolis,2114.0
Florianópolis,2298.0
Florianópolis,1761.0
Florianópolis,2722.0
Joinville,2379.0
Blumenau,2558.0
Blumenau,1302.0
Florianópolis,1780.0
Florianópolis,1690.0
Rio de Janeiro,2100.0
Florianópolis,500.0
São Paulo,556.0
Joinville,123456.0
Joinville,1480.0
Florianópolis,2320.0
Joinville,1680.0
Blumenau,2490.0
Florianópolis,1930.0
joinville,2150.0
FLORIANÓPOLIS,1470.0
Blumenau,2730.0
Joinville,0.0
Florianópolis,0.0
Blumenau,890.0
Rio de Janeiro,2100.0
Joinville,1840.0
Florianópolis,2680.0
Joinville,1390.0
Blumenau,2570.0
Florianópolis,3.0
Joinville,123456.0
Joinville,2017.0
Joinville,2479.0
Joinville,1892.0
Joinville,2553.0
Joinville,1527.0
Joinville,2280.0
Joinville,1723.0
Joinville,2627.0
Blumenau,1672.0
Blumenau,2146.0
Blumenau,1813.0
Blumenau,2412.0
Blumenau,1395.0
Blumenau,2189.0
Blumenau,1537.0
Blumenau,2338.0
Florianópolis,1765.0
Florianópolis,2264.0
Florianópolis,1958.0
Florianópolis,2493.0
Florianópolis,1476.0
Florianópolis,2310.0
Florianópolis,1638.0
Florianópolis,2429.0
Florianópolis,1634.0
Joinville,1803.0
Florianópolis,1269.0
Florianópolis,2261.0
Blumenau,912.0
Florianópolis,1762.0
Florianópolis,1862.0
Joinville,2595.0
Joinville,1783.0
Florianópolis,2068.0
Florianópolis,2945.0
Joinville,2417.0
Blumenau,1900.0
Blumenau,1450.0
Norte,2280.0
Blumenau,870.0
Florianópolis,759.0
Florianópolis,2.0
Florianópolis,1670.0
Blumenau,2160.0
Joinville,1790.0
Florianópolis,2530.0
Blumenau,1870.0
Joinville,2340.0
BLUMENAU,1610.0
Florianópolis,2780.0
Joinville,1450.0
Blumenau,0.0
Florianópolis,0.0
Joinville,2100.0
Sudeste,2690.0
Blumenau,1830.0
Florianópolis,2490.0
Joinville,1670.0
Blumenau,2910.0
Florianópolis,7.0
Nordeste,1380.0
Joinville,2149.0
Joinville,2663.0
Joinville,1972.0
Joinville,2697.0
Joinville,1635.0
Joinville,2422.0
Joinville,1819.0
Joinville,2786.0
Blumenau,1768.0
Blumenau,2283.0
Blumenau,1915.0
Blumenau,2537.0
Blumenau,1498.0
Blumenau,2314.0
Blumenau,1661.0
Blumenau,2446.0
Florianópolis,1896.0
Florianópolis,2391.0
Florianópolis,2034.0
Florianópolis,2629.0
Florianópolis,1562.0
Florianópolis,2439.0
Florianópolis,1711.0
Florianópolis,2523.0
Blumenau,1212.0
Blumenau,2054.0
Blumenau,1393.0
Florianópolis,1543.0
Joinville,2334.0
Blumenau,2518.0
Joinville,1479.0
Florianópolis,2450.0
Florianópolis,2080.0
Sul,1950.0
Florianópolis,2300.0
Joinville,1820.0
Joinville,5.0
Joinville,2240.0
Blumenau,1960.0
Florianópolis,2580.0
Joinville,1740.0
Blumenau,2320.0
Florianópolis,1870.0
Joinville,2640.0
BLUMENAU,1510.0
Florianópolis,2890.0
Joinville,670.0
Blumenau,0.0
Sul,2170.0
Florianópolis,1830.0
Joinville,2490.0
Rio de Janeiro,1650.0
Blumenau,2750.0
Florianópolis,1420.0
Sul,2310.0
Joinville,99999.0
Joinville,2197.0
Joinville,2724.0
Joinville,2039.0
Joinville,2775.0
Joinville,1691.0
Joinville,2487.0
Joinville,1873.0
Joinville,2839.0
Blumenau,1819.0
Blumenau,2345.0
Blumenau,1967.0
Blumenau,2589.0
Blumenau,1547.0
Blumenau,2378.0
Blumenau,1729.0
Blumenau,2498.0
Florianópolis,1942.0
Florianópolis,2456.0
Florianópolis,2108.0
Florianópolis,2719.0
Florianópolis,1621.0
Florianópolis,2517.0
Florianópolis,1788.0
Florianópolis,2594.0
Joinville,1806.0
Blumenau,2385.0
Joinville,1411.0
Florianópolis,1023.0
Florianópolis,2780.0
Florianópolis,2116.0
Blumenau,2256.0
Joinville,1650.0
Joinville,1760.0
Nordeste,2710.0
Joinville,150.0
Blumenau,2390.0
Blumenau,1800.0
Blumenau,1530.0
Blumenau,2030.0
Florianópolis,1790.0
Joinville,2450.0
Blumenau,1680.0
Florianópolis,2870.0
JOINVILLE,1530.0
blumenau,2290.0
Florianópolis,1960.0
Joinville,2710.0
Blumenau,0.0
Florianópolis,1450.0
Joinville,980.0
Centro-Oeste,2130.0
Blumenau,1870.0
Florianópolis,2540.0
Blumenau,1690.0
Joinville,2380.0
Blumenau,1750.0
Centro-Oeste,2960.0
Florianópolis,1.0
Blumenau,1830.0
Florianópolis,2540.0
Florianópolis,1670.0
Joinville,2143.0
Joinville,1768.0
Joinville,2387.0
Joinville,1925.0
Joinville,1679.0
Joinville,2034.0
Joinville,2541.0
Joinville,1462.0
Blumenau,1849.0
Blumenau,1563.0
Blumenau,2217.0
Blumenau,1958.0
Blumenau,1437.0
Blumenau,1876.0
Blumenau,2094.0
Blumenau,1721.0
Florianópolis,1928.0
Florianópolis,1672.0
Florianópolis,2369.0
Florianópolis,2013.0
Florianópolis,1548.0
Florianópolis,1982.0
Florianópolis,2187.0
Florianópolis,1635.0
Florianópolis,1383.0
Blumenau,1349.0
Blumenau,2773.0
Joinville,2685.0
Joinville,1520.0
Joinville,1300.0
Joinville,0.0
Florianópolis,159.0
Blumenau,999999.0
Blumenau,1710.0
Joinville,1850.0
Blumenau,2340.0
Florianópolis,1620.0
Joinville,2780.0
Blumenau,1430.0
Florianópolis,2190.0
Joinville,1540.0
BLUMENAU,2010.0
Florianópolis,1730.0
Joinville,0.0
Blumenau,0.0
Curitiba,1990.0
Joinville,2250.0
Florianópolis,1670.0
Blumenau,2430.0
Blumenau,1380.0
Joinville,2760.0
Joinville,1875.0
Joinville,2231.0
Joinville,1452.0
Joinville,2680.0
Joinville,1934.0
Joinville,2148.0
Joinville,1726.0
Joinville,2395.0
Joinville,1543.0
Joinville,2019.0
Joinville,1368.0
Joinville,2574.0
Blumenau,1638.0
Blumenau,1942.0
Blumenau,1827.0
Blumenau,2389.0
Blumenau,1297.0
Blumenau,2154.0
Blumenau,1415.0
Blumenau,2316.0
Florianópolis,1756.0
Florianópolis,2093.0
Florianópolis,1974.0
Florianópolis,2468.0
Florianópolis,1389.0
Florianópolis,2227.0
Florianópolis,1523.0
Florianópolis,2431.0
Joinville,2236.0
Joinville,1894.0
Joinville,2475.0
Joinville,2107.0
Joinville,1735.0
Joinville,2146.0
Joinville,2593.0
Joinville,1528.0
Blumenau,1917.0
Blumenau,1641.0
Blumenau,2296.0
Blumenau,2012.0
Blumenau,1493.0
Blumenau,1938.0
Blumenau,2165.0
Blumenau,1794.0
Florianópolis,1994.0
Florianópolis,1736.0
Florianópolis,2438.0
Florianópolis,2089.0
Florianópolis,1617.0
Florianópolis,2051.0
Florianópolis,2243.0
Florianópolis,1698.0
Florianópolis,1897.0
Florianópolis,1817.0
Florianópolis,1313.0
Blumenau,2100.0
Florianópolis,1614.0
Florianópolis,1741.0
Blumenau,1411.0
Florianópolis,1872.0
Joinville,1784.0
Florianópolis,2590.0
Florianópolis,1544.0
Blumenau,2340.0
BLUMENAU,2150.0
São Paulo,1760.0
Blumenau,0.0
Joinville,53.0
Florianópolis,99999.0
Florianópolis,2560.0
Joinville,2670.0
Blumenau,1890.0
Florianópolis,2140.0
Joinville,1760.0
JOINVILLE,2380.0
blumenau,1520.0
Florianópolis,2910.0
Joinville,1640.0
Blumenau,750.0
Florianópolis,1300.0
Joinville,999999.0
Blumenau,2230.0
Curitiba,1870.0
Florianópolis,2560.0
São Paulo,1420.0
Joinville,2080.0
Blumenau,1750.0
Joinville,1924.0
Joinville,2376.0
Joinville,1861.0
Joinville,2487.0
Joinville,1432.0
Joinville,2198.0
Joinville,1697.0
Joinville,2546.0
Blumenau,1589.0
Blumenau,2046.0
Blumenau,1775.0
Blumenau,2360.0
Blumenau,1348.0
Blumenau,2117.0
Blumenau,1492.0
Blumenau,2279.0
Florianópolis,1693.0
Florianópolis,2184.0
Florianópolis,1907.0
Florianópolis,2441.0
Florianópolis,1411.0
Florianópolis,2258.0
Florianópolis,1604.0
Florianópolis,2387.0
Florianópolis,1997.0
Florianópolis,2297.0
Blumenau,2554.0
Joinville,2853.0
Joinville,2425.0
Blumenau,2116.0
Florianópolis,2960.0
Florianópolis,2870.0
Florianópolis,0.0
Rio de Janeiro,2890.0
Joinville,1750.0
Joinville,2820.0
Joinville,2190.0
Joinville,2380.0
Blumenau,1940.0
Florianópolis,2710.0
Joinville,1830.0
Blumenau,2590.0
JOINVILLE,1670.0
Florianópolis,2840.0
Blumenau,1520.0
Joinville,2960.0
Florianópolis,0.0
Blumenau,1650.0
Joinville,480.0
Sul,2230.0
Florianópolis,1890.0
Blumenau,2540.0
Sudeste,89.0
Joinville,1760.0
Florianópolis,2870.0
Blumenau,1490.0
Sul,2310.0
Joinville,1918.0
Joinville,1470.0
Joinville,2925.0
Florianópolis,1415.0
Joinville,2505.0
Florianópolis,2370.0
Blumenau,2200.0
blumenau,2490.0
Centro-Oeste,1380.0
Blumenau,990.0
Florianópolis,1560.0
Florianópolis,2350.0
Florianópolis,2780.0
Joinville,2210.0
Blumenau,1870.0
Florianópolis,2590.0
Joinville,1740.0
Blumenau,2930.0
joinville,1580.0
FLORIANÓPOLIS,2350.0
Blumenau,1920.0
Joinville,2670.0
Florianópolis,0.0
Blumenau,560.0
Nordeste,2100.0
Joinville,1840.0
Florianópolis,2480.0
Joinville,1630.0
Blumenau,2790.0
Florianópolis,1470.0
Rio de Janeiro,2860.0
Joinville,123456.0
Joinville,2387.0
Joinville,2045.0
Joinville,2619.0
Joinville,2234.0
Joinville,1846.0
Joinville,2283.0
Joinville,2724.0
Joinville,1639.0
Blumenau,2051.0
Blumenau,1786.0
Blumenau,2438.0
Blumenau,2135.0
Blumenau,1629.0
Blumenau,2076.0
Blumenau,2297.0
Blumenau,1893.0
Florianópolis,2127.0
Florianópolis,1859.0
Florianópolis,2582.0
Florianópolis,2204.0
Florianópolis,1734.0
Florianópolis,2192.0
Florianópolis,2365.0
Florianópolis,1817.0
Joinville,2890.0
Florianópolis,2618.0
Joinville,2667.0
Joinville,1419.0
Florianópolis,1702.0
Blumenau,2783.0
Blumenau,2161.0
Blumenau,2612.0
Joinville,1514.0
Joinville,1345.0
Joinville,2854.0
Florianópolis,2576.0
Joinville,2100.0
Joinville,2310.0
Curitiba,1490.0
Joinville,1200.0
Blumenau,10.0
Blumenau,1.0
Blumenau,2930.0
Florianópolis,2290.0
Joinville,1730.0
Blumenau,2810.0
Florianópolis,1550.0
Joinville,2370.0
JoinVille,1940.0
Florianópolis,2620.0
Blumenau,1480.0
Joinville,2750.0
Blumenau,0.0
Florianópolis,1100.0
Norte,2190.0
Joinville,1670.0
Blumenau,2440.0
Sudeste,59.0
Joinville,2870.0
Florianópolis,1530.0
Joinville,2086.0
Joinville,2591.0
Joinville,1939.0
Joinville,2634.0
Joinville,1592.0
Joinville,2368.0
Joinville,1781.0
Joinville,2715.0
Blumenau,1714.0
Blumenau,2219.0
Blumenau,1876.0
Blumenau,2478.0
Blumenau,1451.0
Blumenau,2253.0
Blumenau,1617.0
Blumenau,2394.0
Florianópolis,1832.0
Florianópolis,2327.0
Florianópolis,1998.0
Florianópolis,2582.0
Florianópolis,1519.0
Florianópolis,2375.0
Florianópolis,1683.0
Florianópolis,2476.0
Joinville,2390.0
Joinville,1980.0
Blumenau,2120.0
Joinville,2100.0
Blumenau,1870.0
Florianópolis,2540.0
São Paulo,1430.0
Joinville,2760.0
Blumenau,1950.0
Rio de Janeiro,2280.0
Blumenau,1690.0
Florianópolis,1510.0
Blumenau,1960.0
Joinville,2240.0
Blumenau,1950.0
Joinville,1825.5
Joinville,2143.0
Joinville,1579.0
Joinville,1934.75
Blumenau,1692.0
Blumenau,2058.3
Florianópolis,1427.0
Florianópolis,1986.9
Joinville,1913.0
Joinville,2237.4
Joinville,1638.25
Joinville,2075.0
Blumenau,1746.8
Blumenau,2129.0
Florianópolis,1495.0
Florianópolis,2031.6
Joinville,1978.0
Joinville,2315.9
Joinville,1684.4
Joinville,2142.0
Blumenau,1812.0
Blumenau,2197.75
Florianópolis,1539.5
Florianópolis,2098.0
Joinville,2041.2
Joinville,2386.0
Joinville,1749.0
Joinville,2213.8
Blumenau,1865.0
Blumenau,2264.4
Florianópolis,1598.0
Florianópolis,2156.1
Joinville,2117.0
Joinville,2452.35
Joinville,1812.7
Joinville,2295.0
Blumenau,1923.5
Blumenau,2338.0
Florianópolis,1651.0
Florianópolis,2219.4
Joinville,2184.6
Joinville,2527.0
Joinville,1876.0
Joinville,2361.2
Blumenau,1989.0
Blumenau,2417.8
Florianópolis,1715.25
Florianópolis,2284.0
Joinville,2243.0
Joinville,2593.1
Joinville,1938.9
Joinville,2436.0
Blumenau,2048.4
Blumenau,2489.0
Florianópolis,1769.0
Florianópolis,2337.5
Joinville,2312.75
Joinville,2661.0
Joinville,1997.0
Joinville,2498.3
Blumenau,2115.0
Blumenau,2556.6
Florianópolis,1832.4
Florianópolis,2396.0
Joinville,2379.0
Joinville,2728.8
Joinville,2054.1
Joinville,2569.0
Blumenau,2178.35
Blumenau,2623.0
Florianópolis,1897.0
Florianópolis,2461.9
Joinville,2446.2
Joinville,2795.0
Joinville,2112.0
Joinville,2637.7
Blumenau,2239.0
Blumenau,2689.5
Florianópolis,1958.6
Florianópolis,2524.0
Joinville,2513.0
Joinville,2864.4
Joinville,2181.3
Joinville,2712.0
Blumenau,2297.8
Blumenau,2754.0
Florianópolis,2019.0
Florianópolis,2593.25
Joinville,2584.5
Joinville,2931.0
Joinville,2249.0
Joinville,2786.8
Blumenau,2364.0
Blumenau,2827.6
Florianópolis,2083.4
Florianópolis,2665.0
